"국가(대륙)별","상품군별","판매유형별",2014 1/4,2014 2/4,2014 3/4,2014 4/4,2015 1/4,2015 2/4,2015 3/4,2015 4/4,2016 1/4,2016 2/4,2016 3/4,2016 4/4,2017 1/4,2017 2/4,2017 3/4,2017 4/4,2018 1/4,2018 2/4,2018 3/4,2018 4/4,2019 1/4,2019 2/4,2019 3/4,2019 4/4,2020 1/4 p)
"합계","합계","계",148272,153641,163999,213216,269101,271784,268421,450568,511395,494391,560853,726741,768504,574551,749612,858240,833672,897205,921586,974060,1250236,1344404,1525396,1879499,1485451
"합계","합계","면세점",-,-,-,-,-,-,-,-,-,-,-,-,610257,441096,610630,677884,665613,725319,761836,770656,1070693,1157158,1336372,1655635,1297490
"합계","합계","면세점 이외",-,-,-,-,-,-,-,-,-,-,-,-,158247,133455,138982,180356,168059,171886,159750,203404,179543,187246,189024,223864,187961
"합계","컴퓨터 및 주변기기","계",4915,4052,3912,3529,2903,2697,3804,4048,4211,3693,3160,3270,2610,2043,2018,2158,5236,3854,4320,4511,3702,4038,3670,3826,4152
"합계","컴퓨터 및 주변기기","면세점",-,-,-,-,-,-,-,-,-,-,-,-,5,3,5,1,2,6,1,215,2,0,1,70,113
"합계","컴퓨터 및 주변기기","면세점 이외",-,-,-,-,-,-,-,-,-,-,-,-,2605,2040,2013,2157,5234,3848,4319,4296,3700,4038,3669,3756,4039
"합계","가전·전자·통신기기","계",13259,13824,13560,14200,13399,13587,12857,17621,16916,16176,15681,17845,18617,15715,19113,21696,25635,28160,27358,18073,21429,22798,25419,24131,12517
"합계","가전·전자·통신기기","면세점",-,-,-,-,-,-,-,-,-,-,-,-,8935,6273,9006,12680,18038,21188,20481,11104,14072,15843,17370,15478,4999
"합계","가전·전자·통신기기","면세점 이외",-,-,-,-,-,-,-,-,-,-,-,-,9682,9442,10107,9016,7597,6972,6877,6969,7357,6955,8049,8653,7518
"합계","소프트웨어","계",361,330,372,595,807,484,591,434,418,303,150,145,116,84,98,316,244,379,313,408,150,228,144,387,146
"합계","소프트웨어","면세점",-,-,-,-,-,-,-,-,-,-,-,-,0,0,0,0,0,0,0,0,0,0,0,0,0
"합계","소프트웨어","면세점 이외",-,-,-,-,-,-,-,-,-,-,-,-,116,84,98,316,244,379,313,408,150,228,144,387,146
"합계","서 적","계",1563,1231,1721,1656,1819,1710,2250,2570,3364,3383,3523,4506,4882,3617,6556,6469,6193,7077,7434,7647,6357,6081,5727,6107,6716
"합계","서 적","면세점",-,-,-,-,-,-,-,-,-,-,-,-,0,0,0,0,0,0,0,0,0,0,0,0,0
"합계","서 적","면세점 이외",-,-,-,-,-,-,-,-,-,-,-,-,4882,3617,6556,6469,6193,7077,7434,7647,6357,6081,5727,6107,6716
"합계","사무·문구","계",2094,1756,6035,8486,1577,1082,1188,1385,1378,1380,1177,1692,1400,1288,2211,1216,1111,1054,1155,1021,1603,1450,1577,1268,1394
"합계","사무·문구","면세점",-,-,-,-,-,-,-,-,-,-,-,-,5,0,7,0,2,0,1,0,5,7,10,8,0
"합계","사무·문구","면세점 이외",-,-,-,-,-,-,-,-,-,-,-,-,1395,1288,2204,1216,1109,1054,1154,1021,1598,1443,1567,1260,1394
"합계","음반·비디오·악기","계",5427,5485,6135,5259,5228,7851,6636,6049,6020,5649,5029,7076,7005,6257,11110,10487,9346,12446,15905,21945,15193,23557,23784,26899,31713
"합계","음반·비디오·악기","면세점",-,-,-,-,-,-,-,-,-,-,-,-,0,0,0,0,0,0,0,0,0,0,0,0,0
"합계","음반·비디오·악기","면세점 이외",-,-,-,-,-,-,-,-,-,-,-,-,7005,6257,11110,10487,9346,12446,15905,21945,15193,23557,23784,26899,31713
"합계","의류 및 패션관련 상품","계",44868,40464,39403,49622,57995,57089,61260,95899,87385,90636,77799,103781,101442,83794,103080,122622,135287,140895,129694,122910,125791,146406,141347,151062,86558
"합계","의류 및 패션관련 상품","면세점",-,-,-,-,-,-,-,-,-,-,-,-,32919,26185,47642,48785,58686,64583,62307,42279,47046,69090,72555,74266,26073
"합계","의류 및 패션관련 상품","면세점 이외",-,-,-,-,-,-,-,-,-,-,-,-,68523,57609,55438,73837,76601,76312,67387,80631,78745,77316,68792,76796,60485
"합계","스포츠·레저용품","계",2992,2490,2496,2629,2822,2834,2959,4610,4862,4103,4229,6427,4915,4030,3681,4014,3827,4065,3691,3682,4033,4244,6468,3745,4133
"합계","스포츠·레저용품","면세점",-,-,-,-,-,-,-,-,-,-,-,-,5,2,0,0,0,0,1,3,4,0,0,0,0
"합계","스포츠·레저용품","면세점 이외",-,-,-,-,-,-,-,-,-,-,-,-,4910,4028,3681,4014,3827,4065,3690,3679,4029,4244,6468,3745,4133
"합계","화장품","계",46002,56762,62722,91492,141766,148686,142540,283494,347511,332184,415989,541910,591665,428572,569631,646114,604771,658878,694831,751804,1033586,1097379,1276592,1610022,1289605
"합계","화장품","면세점",-,-,-,-,-,-,-,-,-,-,-,-,561473,405600,547625,606157,577245,628490,668249,706928,1000553,1063855,1239233,1557171,1262739
"합계","화장품","면세점 이외",-,-,-,-,-,-,-,-,-,-,-,-,30192,22972,22006,39957,27526,30388,26582,44876,33033,33524,37359,52851,26866
"합계","아동·유아용품","계",2268,2290,2557,3064,4240,3656,3601,4378,4956,5697,6268,6445,4844,4297,4211,4467,4274,4756,5008,5627,4514,5014,3972,5609,4203
"합계","아동·유아용품","면세점",-,-,-,-,-,-,-,-,-,-,-,-,282,104,255,90,141,366,295,132,383,298,93,128,32
"합계","아동·유아용품","면세점 이외",-,-,-,-,-,-,-,-,-,-,-,-,4562,4193,3956,4377,4133,4390,4713,5495,4131,4716,3879,5481,4171
"합계","음·식료품","계",6854,7988,6318,11649,11248,11224,8951,4601,8015,9084,6690,9198,8804,4281,6916,11051,12430,11322,10883,11417,11175,9367,8746,10423,5324
"합계","음·식료품","면세점",-,-,-,-,-,-,-,-,-,-,-,-,6375,2813,5820,9716,11087,10086,9816,9679,8335,7707,6859,8264,3444
"합계","음·식료품","면세점 이외",-,-,-,-,-,-,-,-,-,-,-,-,2429,1468,1096,1335,1343,1236,1067,1738,2840,1660,1887,2159,1880
"합계","농축수산물","계",3464,3485,3526,5222,5299,4882,5242,1627,592,68,32,41,26,23,36,33,61,57,40,56,25,39,22,40,32
"합계","농축수산물","면세점",-,-,-,-,-,-,-,-,-,-,-,-,0,0,0,0,0,0,0,0,0,0,0,0,0
"합계","농축수산물","면세점 이외",-,-,-,-,-,-,-,-,-,-,-,-,26,23,36,33,61,57,40,56,25,39,22,40,32
"합계","생활용품 및 자동차용품","계",7233,7055,7548,8173,11973,8022,9347,16012,13984,13013,11945,14520,11795,10018,10399,14829,11471,10644,8241,10747,9974,10090,13179,15463,9400
"합계","생활용품 및 자동차용품","면세점",-,-,-,-,-,-,-,-,-,-,-,-,71,7,15,5,4,0,3,5,105,124,114,86,51
"합계","생활용품 및 자동차용품","면세점 이외",-,-,-,-,-,-,-,-,-,-,-,-,11724,10011,10384,14824,11467,10644,8238,10742,9869,9966,13065,15377,9349
"합계","기 타","계",6972,6429,7694,7640,8025,7980,7195,7840,11783,9022,9181,9885,10383,10532,10552,12768,13786,13618,12713,14212,12704,13713,14749,20517,29558
"합계","기 타","면세점",-,-,-,-,-,-,-,-,-,-,-,-,187,109,255,450,408,600,682,311,188,234,137,164,39
"합계","기 타","면세점 이외",-,-,-,-,-,-,-,-,-,-,-,-,10196,10423,10297,12318,13378,13018,12031,13901,12516,13479,14612,20353,29519
"미국","합계","계",25773,22573,21288,26729,39945,26654,28647,37392,38179,36831,35290,44421,45169,40976,41927,53209,42679,40207,37631,48978,40918,44861,55386,53848,38489
"미국","합계","면세점",-,-,-,-,-,-,-,-,-,-,-,-,8160,9183,9469,12177,5184,3603,2317,2079,2657,2951,1818,1481,698
"미국","합계","면세점 이외",-,-,-,-,-,-,-,-,-,-,-,-,37009,31793,32458,41032,37495,36604,35314,46899,38261,41910,53568,52367,37791
"미국","컴퓨터 및 주변기기","계",2216,1666,1776,1675,1469,1393,2166,2362,2533,2121,1704,1531,1054,946,791,854,2033,1553,1784,1774,1298,1408,1653,1382,1191
"미국","컴퓨터 및 주변기기","면세점",-,-,-,-,-,-,-,-,-,-,-,-,0,0,0,0,0,0,0,1,0,0,0,0,0
"미국","컴퓨터 및 주변기기","면세점 이외",-,-,-,-,-,-,-,-,-,-,-,-,1054,946,791,854,2033,1553,1784,1773,1298,1408,1653,1382,1191
"미국","가전·전자·통신기기","계",2875,2758,2894,3527,4397,3589,2982,3286,3571,2921,2744,3354,2730,2425,2575,2394,1737,1716,1723,1886,1845,1837,3166,1785,1841
"미국","가전·전자·통신기기","면세점",-,-,-,-,-,-,-,-,-,-,-,-,18,23,29,32,65,38,72,52,66,116,107,49,12
"미국","가전·전자·통신기기","면세점 이외",-,-,-,-,-,-,-,-,-,-,-,-,2712,2402,2546,2362,1672,1678,1651,1834,1779,1721,3059,1736,1829
"미국","소프트웨어","계",47,57,49,128,182,113,163,116,147,103,82,83,67,45,37,125,175,251,172,269,88,156,118,338,98
"미국","소프트웨어","면세점",-,-,-,-,-,-,-,-,-,-,-,-,0,0,0,0,0,0,0,0,0,0,0,0,0
"미국","소프트웨어","면세점 이외",-,-,-,-,-,-,-,-,-,-,-,-,67,45,37,125,175,251,172,269,88,156,118,338,98
"미국","서 적","계",962,720,934,1006,1074,837,993,1579,1964,1406,1584,1610,1969,1511,1876,1856,2089,1790,2033,1977,2259,1563,2596,1720,2121
"미국","서 적","면세점",-,-,-,-,-,-,-,-,-,-,-,-,0,0,0,0,0,0,0,0,0,0,0,0,0
"미국","서 적","면세점 이외",-,-,-,-,-,-,-,-,-,-,-,-,1969,1511,1876,1856,2089,1790,2033,1977,2259,1563,2596,1720,2121
"미국","사무·문구","계",25,10,14,18,568,17,32,60,61,42,58,69,60,42,30,79,58,55,85,83,198,72,83,101,71
"미국","사무·문구","면세점",-,-,-,-,-,-,-,-,-,-,-,-,0,0,0,0,0,0,0,0,0,0,0,0,0
"미국","사무·문구","면세점 이외",-,-,-,-,-,-,-,-,-,-,-,-,60,42,30,79,58,55,85,83,198,72,83,101,71
"미국","음반·비디오·악기","계",787,720,722,821,849,781,827,1109,1339,1174,1172,1556,1922,1778,2281,2647,2362,3014,3932,4550,3857,5191,5762,4786,4322
"미국","음반·비디오·악기","면세점",-,-,-,-,-,-,-,-,-,-,-,-,0,0,0,0,0,0,0,0,0,0,0,0,0
"미국","음반·비디오·악기","면세점 이외",-,-,-,-,-,-,-,-,-,-,-,-,1922,1778,2281,2647,2362,3014,3932,4550,3857,5191,5762,4786,4322
"미국","의류 및 패션관련 상품","계",9810,7801,6404,9208,8602,6927,8055,14482,11427,11375,11295,14354,13606,11091,11173,14483,11815,12169,10233,13658,12257,13571,13243,15964,11507
"미국","의류 및 패션관련 상품","면세점",-,-,-,-,-,-,-,-,-,-,-,-,98,87,148,129,116,154,134,118,110,115,95,91,36
"미국","의류 및 패션관련 상품","면세점 이외",-,-,-,-,-,-,-,-,-,-,-,-,13508,11004,11025,14354,11699,12015,10099,13540,12147,13456,13148,15873,11471
"미국","스포츠·레저용품","계",573,539,475,491,541,527,481,658,543,663,869,1467,1475,1021,874,1121,1181,1439,1200,1072,1152,1602,3149,858,942
"미국","스포츠·레저용품","면세점",-,-,-,-,-,-,-,-,-,-,-,-,0,0,0,0,0,0,1,3,4,0,0,0,0
"미국","스포츠·레저용품","면세점 이외",-,-,-,-,-,-,-,-,-,-,-,-,1475,1021,874,1121,1181,1439,1199,1069,1148,1602,3149,858,942
"미국","화장품","계",3740,3713,3399,4595,11223,6176,7061,8491,10407,10980,10150,14147,15510,15511,15997,22310,13909,11219,9717,15738,10817,11310,13999,13494,8523
"미국","화장품","면세점",-,-,-,-,-,-,-,-,-,-,-,-,7971,9005,9202,11913,4927,3311,2028,1780,2366,2647,1550,1271,625
"미국","화장품","면세점 이외",-,-,-,-,-,-,-,-,-,-,-,-,7539,6506,6795,10397,8982,7908,7689,13958,8451,8663,12449,12223,7898
"미국","아동·유아용품","계",583,546,499,610,1099,603,619,746,709,649,635,817,684,593,592,722,766,793,730,1056,815,1153,1702,1928,884
"미국","아동·유아용품","면세점",-,-,-,-,-,-,-,-,-,-,-,-,0,1,1,0,1,0,2,0,0,0,0,0,0
"미국","아동·유아용품","면세점 이외",-,-,-,-,-,-,-,-,-,-,-,-,684,592,591,722,765,793,728,1056,815,1153,1702,1928,884
"미국","음·식료품","계",381,415,405,673,577,628,631,221,552,212,190,230,401,187,417,265,277,311,239,278,336,313,602,424,207
"미국","음·식료품","면세점",-,-,-,-,-,-,-,-,-,-,-,-,73,67,89,103,75,100,80,125,111,73,64,70,25
"미국","음·식료품","면세점 이외",-,-,-,-,-,-,-,-,-,-,-,-,328,120,328,162,202,211,159,153,225,240,538,354,182
"미국","농축수산물","계",94,98,111,160,189,192,193,5,3,0,0,0,1,0,0,2,1,0,0,33,2,2,7,2,2
"미국","농축수산물","면세점",-,-,-,-,-,-,-,-,-,-,-,-,0,0,0,0,0,0,0,0,0,0,0,0,0
"미국","농축수산물","면세점 이외",-,-,-,-,-,-,-,-,-,-,-,-,1,0,0,2,1,0,0,33,2,2,7,2,2
"미국","생활용품 및 자동차용품","계",1931,1915,1815,1871,6605,2189,2207,2291,2641,2688,2376,2600,3060,2741,2349,2276,2483,2357,2150,2159,2174,2410,3409,3713,2196
"미국","생활용품 및 자동차용품","면세점",-,-,-,-,-,-,-,-,-,-,-,-,0,0,0,0,0,0,0,0,0,0,2,0,0
"미국","생활용품 및 자동차용품","면세점 이외",-,-,-,-,-,-,-,-,-,-,-,-,3060,2741,2349,2276,2483,2357,2150,2159,2174,2410,3407,3713,2196
"미국","기 타","계",1749,1615,1791,1946,2570,2682,2237,1986,2282,2497,2431,2603,2630,3085,2935,4075,3793,3540,3633,4445,3820,4273,5897,7353,4584
"미국","기 타","면세점",-,-,-,-,-,-,-,-,-,-,-,-,0,0,0,0,0,0,0,0,0,0,0,0,0
"미국","기 타","면세점 이외",-,-,-,-,-,-,-,-,-,-,-,-,2630,3085,2935,4075,3793,3540,3633,4445,3820,4273,5897,7353,4584
"중국","합계","계",55066,68938,77525,117223,170201,183801,173699,334029,390522,369735,445588,585452,619963,438705,589905,667606,646426,717843,744661,782962,1055895,1140195,1317494,1664465,1321864
"중국","합계","면세점",-,-,-,-,-,-,-,-,-,-,-,-,571724,405125,562049,610041,604688,670391,707619,727126,1012118,1092077,1270158,1599893,1253633
"중국","합계","면세점 이외",-,-,-,-,-,-,-,-,-,-,-,-,48239,33580,27856,57565,41738,47452,37042,55836,43777,48118,47336,64572,68231
"중국","컴퓨터 및 주변기기","계",32,34,65,68,80,50,77,67,49,69,46,114,47,28,40,65,34,26,17,178,31,19,27,104,62
"중국","컴퓨터 및 주변기기","면세점",-,-,-,-,-,-,-,-,-,-,-,-,3,2,5,1,2,6,1,152,2,0,1,70,0
"중국","컴퓨터 및 주변기기","면세점 이외",-,-,-,-,-,-,-,-,-,-,-,-,44,26,35,64,32,20,16,26,29,19,26,34,62
"중국","가전·전자·통신기기","계",761,1421,1342,1542,2072,2370,2354,5853,4988,4178,4796,4887,7834,5088,7978,11015,15671,20143,18970,10639,13657,14507,15180,12404,3096
"중국","가전·전자·통신기기","면세점",-,-,-,-,-,-,-,-,-,-,-,-,7443,4778,7794,10663,15292,19805,18740,10349,13347,14160,14778,11952,2653
"중국","가전·전자·통신기기","면세점 이외",-,-,-,-,-,-,-,-,-,-,-,-,391,310,184,352,379,338,230,290,310,347,402,452,443
"중국","소프트웨어","계",126,128,198,255,281,194,205,46,36,16,12,18,3,8,4,54,4,6,4,13,6,1,0,0,1
"중국","소프트웨어","면세점",-,-,-,-,-,-,-,-,-,-,-,-,0,0,0,0,0,0,0,0,0,0,0,0,0
"중국","소프트웨어","면세점 이외",-,-,-,-,-,-,-,-,-,-,-,-,3,8,4,54,4,6,4,13,6,1,0,0,1
"중국","서 적","계",225,149,322,294,373,498,761,358,885,979,1188,1695,1393,931,1981,1500,1272,1802,1474,1749,1551,1185,1100,1237,1575
"중국","서 적","면세점",-,-,-,-,-,-,-,-,-,-,-,-,0,0,0,0,0,0,0,0,0,0,0,0,0
"중국","서 적","면세점 이외",-,-,-,-,-,-,-,-,-,-,-,-,1393,931,1981,1500,1272,1802,1474,1749,1551,1185,1100,1237,1575
"중국","사무·문구","계",6,5,5,11,12,9,6,64,81,78,80,123,124,73,48,95,60,81,61,95,57,54,54,51,53
"중국","사무·문구","면세점",-,-,-,-,-,-,-,-,-,-,-,-,5,0,7,0,1,0,1,0,5,6,10,8,0
"중국","사무·문구","면세점 이외",-,-,-,-,-,-,-,-,-,-,-,-,119,73,41,95,59,81,60,95,52,48,44,43,53
"중국","음반·비디오·악기","계",2350,2991,3166,2572,2295,4604,3111,1925,1974,2378,1885,2506,1629,1346,3026,2436,1850,3003,4519,5674,3447,9077,10470,13199,18094
"중국","음반·비디오·악기","면세점",-,-,-,-,-,-,-,-,-,-,-,-,0,0,0,0,0,0,0,0,0,0,0,0,0
"중국","음반·비디오·악기","면세점 이외",-,-,-,-,-,-,-,-,-,-,-,-,1629,1346,3026,2436,1850,3003,4519,5674,3447,9077,10470,13199,18094
"중국","의류 및 패션관련 상품","계",12206,11874,13461,19990,29737,30608,30498,51496,47293,48554,41347,53738,58124,44156,57364,65763,74535,78794,70222,65297,66853,86182,85682,91537,40899
"중국","의류 및 패션관련 상품","면세점",-,-,-,-,-,-,-,-,-,-,-,-,31572,25092,43083,41412,50888,56866,53042,40441,45109,66495,69469,71350,24617
"중국","의류 및 패션관련 상품","면세점 이외",-,-,-,-,-,-,-,-,-,-,-,-,26552,19064,14281,24351,23647,21928,17180,24856,21744,19687,16213,20187,16282
"중국","스포츠·레저용품","계",16,37,140,223,265,246,324,1432,1916,905,1238,2171,1089,638,596,628,490,474,435,340,455,450,556,532,512
"중국","스포츠·레저용품","면세점",-,-,-,-,-,-,-,-,-,-,-,-,0,0,0,0,0,0,0,0,0,0,0,0,0
"중국","스포츠·레저용품","면세점 이외",-,-,-,-,-,-,-,-,-,-,-,-,1089,638,596,628,490,474,435,340,455,450,556,532,512
"중국","화장품","계",32235,43457,50509,77298,119497,129656,121078,255543,313846,298254,379609,501528,535868,378352,508206,567224,536503,597799,636459,682411,956330,1015227,1190487,1528165,1231956
"중국","화장품","면세점",-,-,-,-,-,-,-,-,-,-,-,-,526306,372629,506067,550040,529566,585365,627562,666806,945335,1003787,1179409,1508665,1223041
"중국","화장품","면세점 이외",-,-,-,-,-,-,-,-,-,-,-,-,9562,5723,2139,17184,6937,12434,8897,15605,10995,11440,11078,19500,8915
"중국","아동·유아용품","계",256,563,737,900,1944,1812,1739,2242,3034,3566,4203,3808,2468,1832,1609,1584,1444,1832,1491,1620,1376,1519,802,1262,1400
"중국","아동·유아용품","면세점",-,-,-,-,-,-,-,-,-,-,-,-,282,103,254,90,140,366,282,128,383,292,82,119,28
"중국","아동·유아용품","면세점 이외",-,-,-,-,-,-,-,-,-,-,-,-,2186,1729,1355,1494,1304,1466,1209,1492,993,1227,720,1143,1372
"중국","음·식료품","계",4453,5626,4237,8649,8187,8269,6558,3854,6197,5059,5785,7859,7064,3171,4960,8463,9137,8132,8069,9361,8640,7418,6427,7876,3768
"중국","음·식료품","면세점",-,-,-,-,-,-,-,-,-,-,-,-,5860,2405,4651,7646,8659,7699,7710,8936,7645,6980,6160,7480,3204
"중국","음·식료품","면세점 이외",-,-,-,-,-,-,-,-,-,-,-,-,1204,766,309,817,478,433,359,425,995,438,267,396,564
"중국","농축수산물","계",2132,2049,2374,3861,4079,3502,3831,1603,573,27,20,25,12,13,22,17,43,39,24,14,15,24,6,14,20
"중국","농축수산물","면세점",-,-,-,-,-,-,-,-,-,-,-,-,0,0,0,0,0,0,0,0,0,0,0,0,0
"중국","농축수산물","면세점 이외",-,-,-,-,-,-,-,-,-,-,-,-,12,13,22,17,43,39,24,14,15,24,6,14,20
"중국","생활용품 및 자동차용품","계",110,396,688,1146,1075,1390,2706,8835,5708,4988,4569,5988,3394,2232,3284,7419,4179,3800,1663,4160,2366,3040,5619,6147,2553
"중국","생활용품 및 자동차용품","면세점",-,-,-,-,-,-,-,-,-,-,-,-,71,7,15,5,4,0,3,5,105,124,112,86,51
"중국","생활용품 및 자동차용품","면세점 이외",-,-,-,-,-,-,-,-,-,-,-,-,3323,2225,3269,7414,4175,3800,1660,4155,2261,2916,5507,6061,2502
"중국","기 타","계",158,208,281,414,304,593,451,711,3942,684,810,992,914,837,787,1343,1204,1912,1253,1411,1111,1492,1084,1937,17875
"중국","기 타","면세점",-,-,-,-,-,-,-,-,-,-,-,-,182,109,173,184,136,284,278,309,187,233,137,163,39
"중국","기 타","면세점 이외",-,-,-,-,-,-,-,-,-,-,-,-,732,728,614,1159,1068,1628,975,1102,924,1259,947,1774,17836
"일본","합계","계",21685,17985,23165,27352,19616,18402,20480,27419,28047,32547,25127,35620,33516,31846,34213,38601,47704,47999,46968,51705,57286,55717,56897,55908,34720
"일본","합계","면세점",-,-,-,-,-,-,-,-,-,-,-,-,3880,3368,2557,2929,3302,3289,3855,5836,7238,9138,10449,10391,2129
"일본","합계","면세점 이외",-,-,-,-,-,-,-,-,-,-,-,-,29636,28478,31656,35672,44402,44710,43113,45869,50048,46579,46448,45517,32591
"일본","컴퓨터 및 주변기기","계",71,56,55,65,64,49,46,35,49,44,43,45,26,29,38,35,27,42,70,25,34,28,13,63,36
"일본","컴퓨터 및 주변기기","면세점",-,-,-,-,-,-,-,-,-,-,-,-,0,0,0,0,0,0,0,0,0,0,0,0,0
"일본","컴퓨터 및 주변기기","면세점 이외",-,-,-,-,-,-,-,-,-,-,-,-,26,29,38,35,27,42,70,25,34,28,13,63,36
"일본","가전·전자·통신기기","계",826,713,806,980,673,571,629,714,804,856,595,854,698,695,800,678,824,672,742,190,833,703,820,440,117
"일본","가전·전자·통신기기","면세점",-,-,-,-,-,-,-,-,-,-,-,-,18,21,71,41,63,21,64,45,36,45,113,258,7
"일본","가전·전자·통신기기","면세점 이외",-,-,-,-,-,-,-,-,-,-,-,-,680,674,729,637,761,651,678,145,797,658,707,182,110
"일본","소프트웨어","계",11,13,11,21,14,6,10,0,2,2,1,3,2,2,1,3,2,2,2,1,5,7,1,1,1
"일본","소프트웨어","면세점",-,-,-,-,-,-,-,-,-,-,-,-,0,0,0,0,0,0,0,0,0,0,0,0,0
"일본","소프트웨어","면세점 이외",-,-,-,-,-,-,-,-,-,-,-,-,2,2,1,3,2,2,2,1,5,7,1,1,1
"일본","서 적","계",18,20,31,21,21,24,34,32,53,42,47,58,89,76,38,42,64,58,36,84,73,108,191,202,134
"일본","서 적","면세점",-,-,-,-,-,-,-,-,-,-,-,-,0,0,0,0,0,0,0,0,0,0,0,0,0
"일본","서 적","면세점 이외",-,-,-,-,-,-,-,-,-,-,-,-,89,76,38,42,64,58,36,84,73,108,191,202,134
"일본","사무·문구","계",1228,894,5139,7444,434,407,439,461,495,495,353,550,537,451,429,389,510,445,523,223,729,735,855,375,329
"일본","사무·문구","면세점",-,-,-,-,-,-,-,-,-,-,-,-,0,0,0,0,0,0,0,0,0,0,0,0,0
"일본","사무·문구","면세점 이외",-,-,-,-,-,-,-,-,-,-,-,-,537,451,429,389,510,445,523,223,729,735,855,375,329
"일본","음반·비디오·악기","계",27,18,32,22,429,449,461,335,670,182,225,350,537,715,899,673,936,1281,1122,3679,2433,1632,2592,2055,1788
"일본","음반·비디오·악기","면세점",-,-,-,-,-,-,-,-,-,-,-,-,0,0,0,0,0,0,0,0,0,0,0,0,0
"일본","음반·비디오·악기","면세점 이외",-,-,-,-,-,-,-,-,-,-,-,-,537,715,899,673,936,1281,1122,3679,2433,1632,2592,2055,1788
"일본","의류 및 패션관련 상품","계",13534,11782,11408,12236,12456,11868,14005,19265,18776,20580,16361,24188,20547,20214,22762,27061,34571,34982,33399,33848,36670,35427,31800,30346,23007
"일본","의류 및 패션관련 상품","면세점",-,-,-,-,-,-,-,-,-,-,-,-,412,317,353,417,431,477,523,627,569,808,851,871,76
"일본","의류 및 패션관련 상품","면세점 이외",-,-,-,-,-,-,-,-,-,-,-,-,20135,19897,22409,26644,34140,34505,32876,33221,36101,34619,30949,29475,22931
"일본","스포츠·레저용품","계",604,202,316,346,144,108,117,130,135,229,131,173,181,179,174,156,206,216,209,165,241,185,218,133,95
"일본","스포츠·레저용품","면세점",-,-,-,-,-,-,-,-,-,-,-,-,0,0,0,0,0,0,0,0,0,0,0,0,0
"일본","스포츠·레저용품","면세점 이외",-,-,-,-,-,-,-,-,-,-,-,-,181,179,174,156,206,216,209,165,241,185,218,133,95
"일본","화장품","계",1034,781,646,939,874,1223,1671,2832,2080,2466,2765,4034,5018,4028,3748,4204,4425,3577,4465,6313,8327,9592,11800,13970,3486
"일본","화장품","면세점",-,-,-,-,-,-,-,-,-,-,-,-,3332,2944,2031,2358,2694,2666,3141,5003,6432,8027,9296,9028,2023
"일본","화장품","면세점 이외",-,-,-,-,-,-,-,-,-,-,-,-,1686,1084,1717,1846,1731,911,1324,1310,1895,1565,2504,4942,1463
"일본","아동·유아용품","계",83,33,110,199,29,24,19,44,44,83,39,68,52,43,28,40,50,53,50,102,78,166,150,191,65
"일본","아동·유아용품","면세점",-,-,-,-,-,-,-,-,-,-,-,-,0,0,0,0,0,0,0,0,0,1,4,2,2
"일본","아동·유아용품","면세점 이외",-,-,-,-,-,-,-,-,-,-,-,-,52,43,28,40,50,53,50,102,78,165,146,189,63
"일본","음·식료품","계",186,116,177,316,606,475,159,190,848,3144,153,530,695,391,149,186,435,435,358,1019,990,706,922,1157,533
"일본","음·식료품","면세점",-,-,-,-,-,-,-,-,-,-,-,-,118,86,102,113,114,125,127,161,201,257,185,232,21
"일본","음·식료품","면세점 이외",-,-,-,-,-,-,-,-,-,-,-,-,577,305,47,73,321,310,231,858,789,449,737,925,512
"일본","농축수산물","계",10,9,15,16,19,16,31,15,13,1,2,1,1,3,0,0,2,2,2,0,0,6,2,10,1
"일본","농축수산물","면세점",-,-,-,-,-,-,-,-,-,-,-,-,0,0,0,0,0,0,0,0,0,0,0,0,0
"일본","농축수산물","면세점 이외",-,-,-,-,-,-,-,-,-,-,-,-,1,3,0,0,2,2,2,0,0,6,2,10,1
"일본","생활용품 및 자동차용품","계",1042,609,927,1409,490,385,244,285,646,642,510,750,735,695,698,661,919,858,888,544,1590,986,1291,1113,936
"일본","생활용품 및 자동차용품","면세점",-,-,-,-,-,-,-,-,-,-,-,-,0,0,0,0,0,0,0,0,0,0,0,0,0
"일본","생활용품 및 자동차용품","면세점 이외",-,-,-,-,-,-,-,-,-,-,-,-,735,695,698,661,919,858,888,544,1590,986,1291,1113,936
"일본","기 타","계",3011,2739,3492,3338,3363,2797,2615,3081,3432,3781,3902,4016,4398,4325,4449,4473,4733,5376,5102,5512,5283,5436,6242,5852,4192
"일본","기 타","면세점",-,-,-,-,-,-,-,-,-,-,-,-,0,0,0,0,0,0,0,0,0,0,0,0,0
"일본","기 타","면세점 이외",-,-,-,-,-,-,-,-,-,-,-,-,4398,4325,4449,4473,4733,5376,5102,5512,5283,5436,6242,5852,4192
"아세안(ASEAN)","합계","계",10734,10982,11473,12122,12842,13411,15076,17029,16871,18837,16600,23188,20621,18971,22865,45446,41231,41292,37454,45996,45781,47856,53846,57276,47515
"아세안(ASEAN)","합계","면세점",-,-,-,-,-,-,-,-,-,-,-,-,351,452,16922,24015,24643,23714,19969,21197,26758,28011,34115,29814,25334
"아세안(ASEAN)","합계","면세점 이외",-,-,-,-,-,-,-,-,-,-,-,-,20270,18519,5943,21431,16588,17578,17485,24799,19023,19845,19731,27462,22181
"아세안(ASEAN)","컴퓨터 및 주변기기","계",136,136,172,190,217,140,136,174,215,233,195,116,314,293,89,75,342,283,82,139,328,321,96,79,284
"아세안(ASEAN)","컴퓨터 및 주변기기","면세점",-,-,-,-,-,-,-,-,-,-,-,-,0,0,0,0,0,0,0,2,0,0,0,0,0
"아세안(ASEAN)","컴퓨터 및 주변기기","면세점 이외",-,-,-,-,-,-,-,-,-,-,-,-,314,293,89,75,342,283,82,137,328,321,96,79,284
"아세안(ASEAN)","가전·전자·통신기기","계",2896,3005,3073,3183,2499,2853,3518,3772,3463,3237,2577,3368,2200,2482,2536,3962,3754,2503,2596,2729,2722,3246,3951,5162,5218
"아세안(ASEAN)","가전·전자·통신기기","면세점",-,-,-,-,-,-,-,-,-,-,-,-,31,46,994,1667,2072,718,816,546,470,1093,1729,2350,1792
"아세안(ASEAN)","가전·전자·통신기기","면세점 이외",-,-,-,-,-,-,-,-,-,-,-,-,2169,2436,1542,2295,1682,1785,1780,2183,2252,2153,2222,2812,3426
"아세안(ASEAN)","소프트웨어","계",19,17,18,27,149,50,27,9,6,15,3,2,3,1,3,13,6,17,13,6,3,4,1,0,2
"아세안(ASEAN)","소프트웨어","면세점",-,-,-,-,-,-,-,-,-,-,-,-,0,0,0,0,0,0,0,0,0,0,0,0,0
"아세안(ASEAN)","소프트웨어","면세점 이외",-,-,-,-,-,-,-,-,-,-,-,-,3,1,3,13,6,17,13,6,3,4,1,0,2
"아세안(ASEAN)","서 적","계",161,183,215,145,155,166,218,242,239,642,445,792,1012,829,1825,1918,1376,1998,2023,2131,1123,1209,854,1248,1121
"아세안(ASEAN)","서 적","면세점",-,-,-,-,-,-,-,-,-,-,-,-,0,0,0,0,0,0,0,0,0,0,0,0,0
"아세안(ASEAN)","서 적","면세점 이외",-,-,-,-,-,-,-,-,-,-,-,-,1012,829,1825,1918,1376,1998,2023,2131,1123,1209,854,1248,1121
"아세안(ASEAN)","사무·문구","계",809,829,860,1001,549,617,679,766,688,714,617,893,611,660,705,604,411,422,444,569,569,546,561,698,882
"아세안(ASEAN)","사무·문구","면세점",-,-,-,-,-,-,-,-,-,-,-,-,0,0,0,0,0,0,0,0,0,0,0,0,0
"아세안(ASEAN)","사무·문구","면세점 이외",-,-,-,-,-,-,-,-,-,-,-,-,611,660,705,604,411,422,444,569,569,546,561,698,882
"아세안(ASEAN)","음반·비디오·악기","계",101,111,139,88,151,133,96,99,538,605,479,743,1115,806,2222,1810,1409,2006,2200,3468,1524,2546,1689,1875,2440
"아세안(ASEAN)","음반·비디오·악기","면세점",-,-,-,-,-,-,-,-,-,-,-,-,0,0,0,0,0,0,0,0,0,0,0,0,0
"아세안(ASEAN)","음반·비디오·악기","면세점 이외",-,-,-,-,-,-,-,-,-,-,-,-,1115,806,2222,1810,1409,2006,2200,3468,1524,2546,1689,1875,2440
"아세안(ASEAN)","의류 및 패션관련 상품","계",3473,3606,3741,4116,4018,4269,5318,6034,5600,5914,5100,7864,5704,5315,5073,6579,4955,5889,5572,6652,6533,7271,7760,9653,8349
"아세안(ASEAN)","의류 및 패션관련 상품","면세점",-,-,-,-,-,-,-,-,-,-,-,-,17,43,540,764,1092,1209,1076,862,988,1346,1868,1625,1296
"아세안(ASEAN)","의류 및 패션관련 상품","면세점 이외",-,-,-,-,-,-,-,-,-,-,-,-,5687,5272,4533,5815,3863,4680,4496,5790,5545,5925,5892,8028,7053
"아세안(ASEAN)","스포츠·레저용품","계",873,911,887,925,1304,1400,1530,1735,1665,1731,1441,2023,1571,1648,1576,1515,1242,1322,1300,1509,1581,1448,1364,1705,2107
"아세안(ASEAN)","스포츠·레저용품","면세점",-,-,-,-,-,-,-,-,-,-,-,-,2,0,0,0,0,0,0,0,0,0,0,0,0
"아세안(ASEAN)","스포츠·레저용품","면세점 이외",-,-,-,-,-,-,-,-,-,-,-,-,1569,1648,1576,1515,1242,1322,1300,1509,1581,1448,1364,1705,2107
"아세안(ASEAN)","화장품","계",398,397,383,527,1452,1255,882,1476,1775,2490,3027,3481,4845,3627,5265,25399,23341,23083,19443,24768,27334,27532,34660,30300,23011
"아세안(ASEAN)","화장품","면세점",-,-,-,-,-,-,-,-,-,-,-,-,283,346,15268,21363,21180,21311,17585,19401,25017,25259,30136,25505,22093
"아세안(ASEAN)","화장품","면세점 이외",-,-,-,-,-,-,-,-,-,-,-,-,4562,3281,-10003,4036,2161,1772,1858,5367,2317,2273,4524,4795,918
"아세안(ASEAN)","아동·유아용품","계",94,91,103,103,180,154,92,288,316,573,519,834,860,1131,1217,1181,1194,1360,1435,1678,1473,1432,860,1344,1113
"아세안(ASEAN)","아동·유아용품","면세점",-,-,-,-,-,-,-,-,-,-,-,-,0,0,0,0,0,0,0,0,0,1,3,1,0
"아세안(ASEAN)","아동·유아용품","면세점 이외",-,-,-,-,-,-,-,-,-,-,-,-,860,1131,1217,1181,1194,1360,1435,1678,1473,1431,857,1343,1113
"아세안(ASEAN)","음·식료품","계",247,303,288,255,320,303,270,79,176,435,250,281,256,201,264,414,535,668,704,554,818,553,567,601,652
"아세안(ASEAN)","음·식료품","면세점",-,-,-,-,-,-,-,-,-,-,-,-,15,17,120,221,299,476,492,384,282,312,379,333,153
"아세안(ASEAN)","음·식료품","면세점 이외",-,-,-,-,-,-,-,-,-,-,-,-,241,184,144,193,236,192,212,170,536,241,188,268,499
"아세안(ASEAN)","농축수산물","계",93,111,116,158,143,137,178,3,2,40,10,14,11,7,11,13,11,12,10,9,7,7,7,12,7
"아세안(ASEAN)","농축수산물","면세점",-,-,-,-,-,-,-,-,-,-,-,-,0,0,0,0,0,0,0,0,0,0,0,0,0
"아세안(ASEAN)","농축수산물","면세점 이외",-,-,-,-,-,-,-,-,-,-,-,-,11,7,11,13,11,12,10,9,7,7,7,12,7
"아세안(ASEAN)","생활용품 및 자동차용품","계",1053,1082,1125,1146,1476,1613,1823,2003,1874,1836,1646,2482,1815,1639,1734,1589,1283,1291,1257,1260,1383,1371,1236,1613,1803
"아세안(ASEAN)","생활용품 및 자동차용품","면세점",-,-,-,-,-,-,-,-,-,-,-,-,0,0,0,0,0,0,0,0,0,0,0,0,0
"아세안(ASEAN)","생활용품 및 자동차용품","면세점 이외",-,-,-,-,-,-,-,-,-,-,-,-,1815,1639,1734,1589,1283,1291,1257,1260,1383,1371,1236,1613,1803
"아세안(ASEAN)","기 타","계",381,200,353,258,229,321,309,349,314,372,291,295,304,332,345,374,1372,438,375,524,383,370,240,2986,526
"아세안(ASEAN)","기 타","면세점",-,-,-,-,-,-,-,-,-,-,-,-,3,0,0,0,0,0,0,2,1,0,0,0,0
"아세안(ASEAN)","기 타","면세점 이외",-,-,-,-,-,-,-,-,-,-,-,-,301,332,345,374,1372,438,375,522,382,370,240,2986,526
"EU","합계","계",7023,6345,5688,5626,4453,4319,4835,6839,7575,7379,7085,8191,7752,6948,8070,8846,10525,8616,8463,9962,9771,10358,7336,12679,10311
"EU","합계","면세점",-,-,-,-,-,-,-,-,-,-,-,-,165,97,86,200,446,106,91,97,231,477,241,206,294
"EU","합계","면세점 이외",-,-,-,-,-,-,-,-,-,-,-,-,7587,6851,7984,8646,10079,8510,8372,9865,9540,9881,7095,12473,10017
"EU","컴퓨터 및 주변기기","계",741,630,500,461,270,259,292,358,361,353,385,550,455,280,406,430,1030,630,655,852,633,715,513,617,694
"EU","컴퓨터 및 주변기기","면세점",-,-,-,-,-,-,-,-,-,-,-,-,0,0,0,0,0,0,0,0,0,0,0,0,0
"EU","컴퓨터 및 주변기기","면세점 이외",-,-,-,-,-,-,-,-,-,-,-,-,455,280,406,430,1030,630,655,852,633,715,513,617,694
"EU","가전·전자·통신기기","계",1532,1424,1257,1214,831,751,683,867,879,1103,1055,1267,958,773,1073,966,844,610,573,578,605,589,428,2058,644
"EU","가전·전자·통신기기","면세점",-,-,-,-,-,-,-,-,-,-,-,-,4,9,3,4,6,7,5,8,2,7,5,7,1
"EU","가전·전자·통신기기","면세점 이외",-,-,-,-,-,-,-,-,-,-,-,-,954,764,1070,962,838,603,568,570,603,582,423,2051,643
"EU","소프트웨어","계",48,34,25,35,40,20,20,31,37,27,24,20,22,14,19,49,28,34,45,97,28,26,12,28,26
"EU","소프트웨어","면세점",-,-,-,-,-,-,-,-,-,-,-,-,0,0,0,0,0,0,0,0,0,0,0,0,0
"EU","소프트웨어","면세점 이외",-,-,-,-,-,-,-,-,-,-,-,-,22,14,19,49,28,34,45,97,28,26,12,28,26
"EU","서 적","계",13,14,14,21,17,14,21,25,24,24,29,40,47,30,50,66,62,70,71,68,59,55,48,95,72
"EU","서 적","면세점",-,-,-,-,-,-,-,-,-,-,-,-,0,0,0,0,0,0,0,0,0,0,0,0,0
"EU","서 적","면세점 이외",-,-,-,-,-,-,-,-,-,-,-,-,47,30,50,66,62,70,71,68,59,55,48,95,72
"EU","사무·문구","계",7,5,5,1,3,3,3,5,11,12,19,18,16,14,774,12,27,17,9,13,11,11,4,10,8
"EU","사무·문구","면세점",-,-,-,-,-,-,-,-,-,-,-,-,0,0,0,0,0,0,0,0,0,1,0,0,0
"EU","사무·문구","면세점 이외",-,-,-,-,-,-,-,-,-,-,-,-,16,14,774,12,27,17,9,13,11,10,4,10,8
"EU","음반·비디오·악기","계",624,476,624,513,420,518,619,794,494,536,586,873,841,779,1172,1437,1400,1419,1808,2120,1958,2350,1502,2697,2728
"EU","음반·비디오·악기","면세점",-,-,-,-,-,-,-,-,-,-,-,-,0,0,0,0,0,0,0,0,0,0,0,0,0
"EU","음반·비디오·악기","면세점 이외",-,-,-,-,-,-,-,-,-,-,-,-,841,779,1172,1437,1400,1419,1808,2120,1958,2350,1502,2697,2728
"EU","의류 및 패션관련 상품","계",1364,1228,952,941,676,687,674,1337,1319,1289,1088,1203,926,796,916,1098,1230,1056,886,942,985,1054,793,862,803
"EU","의류 및 패션관련 상품","면세점",-,-,-,-,-,-,-,-,-,-,-,-,13,8,10,14,25,21,17,12,15,22,12,15,6
"EU","의류 및 패션관련 상품","면세점 이외",-,-,-,-,-,-,-,-,-,-,-,-,913,788,906,1084,1205,1035,869,930,970,1032,781,847,797
"EU","스포츠·레저용품","계",234,189,157,162,128,108,97,224,180,174,157,192,177,153,107,200,233,198,173,204,213,188,799,205,209
"EU","스포츠·레저용품","면세점",-,-,-,-,-,-,-,-,-,-,-,-,0,0,0,0,0,0,0,0,0,0,0,0,0
"EU","스포츠·레저용품","면세점 이외",-,-,-,-,-,-,-,-,-,-,-,-,177,153,107,200,233,198,173,204,213,188,799,205,209
"EU","화장품","계",937,885,802,804,852,836,1242,1928,2583,2277,2005,2095,2505,2362,1986,2686,3433,2815,2564,2993,3337,3487,2105,3912,3108
"EU","화장품","면세점",-,-,-,-,-,-,-,-,-,-,-,-,143,70,61,176,411,71,61,71,206,436,214,179,283
"EU","화장품","면세점 이외",-,-,-,-,-,-,-,-,-,-,-,-,2362,2292,1925,2510,3022,2744,2503,2922,3131,3051,1891,3733,2825
"EU","아동·유아용품","계",266,231,212,278,194,182,205,274,204,267,293,402,316,259,275,343,347,292,287,374,329,312,195,417,367
"EU","아동·유아용품","면세점",-,-,-,-,-,-,-,-,-,-,-,-,0,0,0,0,0,0,0,0,0,0,0,0,0
"EU","아동·유아용품","면세점 이외",-,-,-,-,-,-,-,-,-,-,-,-,316,259,275,343,347,292,287,374,329,312,195,417,367
"EU","음·식료품","계",87,80,70,132,100,77,66,26,24,28,23,35,25,29,27,42,31,25,22,27,26,23,18,19,16
"EU","음·식료품","면세점",-,-,-,-,-,-,-,-,-,-,-,-,5,10,12,6,4,7,8,6,8,11,10,5,4
"EU","음·식료품","면세점 이외",-,-,-,-,-,-,-,-,-,-,-,-,20,19,15,36,27,18,14,21,18,12,8,14,12
"EU","농축수산물","계",37,40,36,49,46,38,41,0,0,0,0,0,0,0,3,0,0,0,0,0,0,0,0,0,0
"EU","농축수산물","면세점",-,-,-,-,-,-,-,-,-,-,-,-,0,0,0,0,0,0,0,0,0,0,0,0,0
"EU","농축수산물","면세점 이외",-,-,-,-,-,-,-,-,-,-,-,-,0,0,3,0,0,0,0,0,0,0,0,0,0
"EU","생활용품 및 자동차용품","계",608,627,561,563,480,439,443,489,919,667,705,721,733,697,544,654,739,639,610,637,665,622,383,845,694
"EU","생활용품 및 자동차용품","면세점",-,-,-,-,-,-,-,-,-,-,-,-,0,0,0,0,0,0,0,0,0,0,0,0,0
"EU","생활용품 및 자동차용품","면세점 이외",-,-,-,-,-,-,-,-,-,-,-,-,733,697,544,654,739,639,610,637,665,622,383,845,694
"EU","기 타","계",525,482,473,452,396,387,429,481,540,622,716,775,731,762,718,863,1121,811,760,1057,922,926,536,914,942
"EU","기 타","면세점",-,-,-,-,-,-,-,-,-,-,-,-,0,0,0,0,0,0,0,0,0,0,0,0,0
"EU","기 타","면세점 이외",-,-,-,-,-,-,-,-,-,-,-,-,731,762,718,863,1121,811,760,1057,922,926,536,914,942
"중동","합계","계",2262,2242,2101,2299,2187,2223,2095,2413,2187,2116,1775,2041,1918,1772,1864,2476,1708,1864,1947,2504,2252,2475,1826,2742,2171
"중동","합계","면세점",-,-,-,-,-,-,-,-,-,-,-,-,0,0,0,0,0,0,0,4,0,0,0,0,0
"중동","합계","면세점 이외",-,-,-,-,-,-,-,-,-,-,-,-,1918,1772,1864,2476,1708,1864,1947,2500,2252,2475,1826,2742,2171
"중동","컴퓨터 및 주변기기","계",145,181,152,129,119,124,125,128,112,107,113,151,93,71,79,301,48,58,67,77,98,96,62,79,61
"중동","컴퓨터 및 주변기기","면세점",-,-,-,-,-,-,-,-,-,-,-,-,0,0,0,0,0,0,0,0,0,0,0,0,0
"중동","컴퓨터 및 주변기기","면세점 이외",-,-,-,-,-,-,-,-,-,-,-,-,93,71,79,301,48,58,67,77,98,96,62,79,61
"중동","가전·전자·통신기기","계",665,693,608,716,535,585,479,572,425,369,306,364,351,338,313,262,172,153,181,193,155,155,168,356,157
"중동","가전·전자·통신기기","면세점",-,-,-,-,-,-,-,-,-,-,-,-,0,0,0,0,0,0,0,0,0,0,0,0,0
"중동","가전·전자·통신기기","면세점 이외",-,-,-,-,-,-,-,-,-,-,-,-,351,338,313,262,172,153,181,193,155,155,168,356,157
"중동","소프트웨어","계",7,2,5,14,32,14,26,41,44,14,4,3,2,1,3,8,3,7,22,4,4,12,3,1,2
"중동","소프트웨어","면세점",-,-,-,-,-,-,-,-,-,-,-,-,0,0,0,0,0,0,0,0,0,0,0,0,0
"중동","소프트웨어","면세점 이외",-,-,-,-,-,-,-,-,-,-,-,-,2,1,3,8,3,7,22,4,4,12,3,1,2
"중동","서 적","계",4,7,4,4,4,5,12,10,13,23,24,27,23,23,43,42,43,60,58,72,58,81,55,100,98
"중동","서 적","면세점",-,-,-,-,-,-,-,-,-,-,-,-,0,0,0,0,0,0,0,0,0,0,0,0,0
"중동","서 적","면세점 이외",-,-,-,-,-,-,-,-,-,-,-,-,23,23,43,42,43,60,58,72,58,81,55,100,98
"중동","사무·문구","계",0,0,0,0,0,0,0,2,3,2,3,3,3,2,1,2,3,1,0,3,1,1,2,0,1
"중동","사무·문구","면세점",-,-,-,-,-,-,-,-,-,-,-,-,0,0,0,0,0,0,0,0,0,0,0,0,0
"중동","사무·문구","면세점 이외",-,-,-,-,-,-,-,-,-,-,-,-,3,2,1,2,3,1,0,3,1,1,2,0,1
"중동","음반·비디오·악기","계",30,23,28,27,31,38,29,33,137,102,92,132,76,67,140,115,104,161,247,272,206,314,227,360,496
"중동","음반·비디오·악기","면세점",-,-,-,-,-,-,-,-,-,-,-,-,0,0,0,0,0,0,0,0,0,0,0,0,0
"중동","음반·비디오·악기","면세점 이외",-,-,-,-,-,-,-,-,-,-,-,-,76,67,140,115,104,161,247,272,206,314,227,360,496
"중동","의류 및 패션관련 상품","계",342,296,252,282,230,244,222,322,265,257,221,225,196,186,174,216,198,232,222,227,209,312,161,242,258
"중동","의류 및 패션관련 상품","면세점",-,-,-,-,-,-,-,-,-,-,-,-,0,0,0,0,0,0,0,3,0,0,0,0,0
"중동","의류 및 패션관련 상품","면세점 이외",-,-,-,-,-,-,-,-,-,-,-,-,196,186,174,216,198,232,222,224,209,312,161,242,258
"중동","스포츠·레저용품","계",69,72,60,66,62,60,60,62,67,68,60,64,45,52,50,46,49,41,45,72,48,46,33,50,46
"중동","스포츠·레저용품","면세점",-,-,-,-,-,-,-,-,-,-,-,-,0,0,0,0,0,0,0,0,0,0,0,0,0
"중동","스포츠·레저용품","면세점 이외",-,-,-,-,-,-,-,-,-,-,-,-,45,52,50,46,49,41,45,72,48,46,33,50,46
"중동","화장품","계",418,448,439,489,572,531,525,684,577,592,476,507,575,572,578,608,659,718,688,801,790,873,602,1134,670
"중동","화장품","면세점",-,-,-,-,-,-,-,-,-,-,-,-,0,0,0,0,0,0,0,1,0,0,0,0,0
"중동","화장품","면세점 이외",-,-,-,-,-,-,-,-,-,-,-,-,575,572,578,608,659,718,688,800,790,873,602,1134,670
"중동","아동·유아용품","계",126,86,102,112,102,99,105,119,88,83,68,69,49,42,61,77,59,62,54,47,35,44,32,45,35
"중동","아동·유아용품","면세점",-,-,-,-,-,-,-,-,-,-,-,-,0,0,0,0,0,0,0,0,0,0,0,0,0
"중동","아동·유아용품","면세점 이외",-,-,-,-,-,-,-,-,-,-,-,-,49,42,61,77,59,62,54,47,35,44,32,45,35
"중동","음·식료품","계",26,22,46,66,47,70,49,4,7,3,3,2,7,4,4,3,3,4,4,6,7,7,5,8,5
"중동","음·식료품","면세점",-,-,-,-,-,-,-,-,-,-,-,-,0,0,0,0,0,0,0,0,0,0,0,0,0
"중동","음·식료품","면세점 이외",-,-,-,-,-,-,-,-,-,-,-,-,7,4,4,3,3,4,4,6,7,7,5,8,5
"중동","농축수산물","계",14,11,26,21,46,48,37,0,0,0,0,0,0,0,0,0,0,0,0,0,0,0,0,0,0
"중동","농축수산물","면세점",-,-,-,-,-,-,-,-,-,-,-,-,0,0,0,0,0,0,0,0,0,0,0,0,0
"중동","농축수산물","면세점 이외",-,-,-,-,-,-,-,-,-,-,-,-,0,0,0,0,0,0,0,0,0,0,0,0,0
"중동","생활용품 및 자동차용품","계",334,307,303,279,311,322,325,331,345,386,326,376,358,320,302,660,261,272,270,620,532,366,399,275,214
"중동","생활용품 및 자동차용품","면세점",-,-,-,-,-,-,-,-,-,-,-,-,0,0,0,0,0,0,0,0,0,0,0,0,0
"중동","생활용품 및 자동차용품","면세점 이외",-,-,-,-,-,-,-,-,-,-,-,-,358,320,302,660,261,272,270,620,532,366,399,275,214
"중동","기 타","계",82,94,76,94,96,83,101,105,104,110,79,118,140,94,116,136,106,95,89,110,109,168,77,92,128
"중동","기 타","면세점",-,-,-,-,-,-,-,-,-,-,-,-,0,0,0,0,0,0,0,0,0,0,0,0,0
"중동","기 타","면세점 이외",-,-,-,-,-,-,-,-,-,-,-,-,140,94,116,136,106,95,89,110,109,168,77,92,128
"중남미","합계","계",2468,2437,2715,2083,1886,2285,2283,2520,2076,2139,2057,3120,2271,2333,3035,2606,2399,2601,3209,3460,3092,3680,2461,3747,2662
"중남미","합계","면세점",-,-,-,-,-,-,-,-,-,-,-,-,0,0,0,0,0,0,0,0,0,0,0,0,0
"중남미","합계","면세점 이외",-,-,-,-,-,-,-,-,-,-,-,-,2271,2333,3035,2606,2399,2601,3209,3460,3092,3680,2461,3747,2662
"중남미","컴퓨터 및 주변기기","계",94,94,100,72,71,55,67,57,94,71,83,92,84,59,131,70,56,42,54,66,56,59,58,61,42
"중남미","컴퓨터 및 주변기기","면세점",-,-,-,-,-,-,-,-,-,-,-,-,0,0,0,0,0,0,0,0,0,0,0,0,0
"중남미","컴퓨터 및 주변기기","면세점 이외",-,-,-,-,-,-,-,-,-,-,-,-,84,59,131,70,56,42,54,66,56,59,58,61,42
"중남미","가전·전자·통신기기","계",382,459,442,364,292,358,250,292,318,344,298,338,282,374,436,257,208,160,229,264,237,240,203,299,182
"중남미","가전·전자·통신기기","면세점",-,-,-,-,-,-,-,-,-,-,-,-,0,0,0,0,0,0,0,0,0,0,0,0,0
"중남미","가전·전자·통신기기","면세점 이외",-,-,-,-,-,-,-,-,-,-,-,-,282,374,436,257,208,160,229,264,237,240,203,299,182
"중남미","소프트웨어","계",12,8,7,17,13,9,21,109,60,81,11,6,5,6,20,9,6,4,4,5,4,7,2,4,4
"중남미","소프트웨어","면세점",-,-,-,-,-,-,-,-,-,-,-,-,0,0,0,0,0,0,0,0,0,0,0,0,0
"중남미","소프트웨어","면세점 이외",-,-,-,-,-,-,-,-,-,-,-,-,5,6,20,9,6,4,4,5,4,7,2,4,4
"중남미","서 적","계",16,11,22,20,19,19,13,21,31,42,25,42,38,24,58,66,56,90,125,136,141,184,115,206,160
"중남미","서 적","면세점",-,-,-,-,-,-,-,-,-,-,-,-,0,0,0,0,0,0,0,0,0,0,0,0,0
"중남미","서 적","면세점 이외",-,-,-,-,-,-,-,-,-,-,-,-,38,24,58,66,56,90,125,136,141,184,115,206,160
"중남미","사무·문구","계",1,0,0,0,0,1,0,1,2,1,1,1,4,3,189,1,1,0,1,0,0,0,0,0,0
"중남미","사무·문구","면세점",-,-,-,-,-,-,-,-,-,-,-,-,0,0,0,0,0,0,0,0,0,0,0,0,0
"중남미","사무·문구","면세점 이외",-,-,-,-,-,-,-,-,-,-,-,-,4,3,189,1,1,0,1,0,0,0,0,0,0
"중남미","음반·비디오·악기","계",599,472,754,491,434,620,730,950,349,274,291,459,422,398,815,787,667,906,1332,1422,1107,1594,980,1204,1183
"중남미","음반·비디오·악기","면세점",-,-,-,-,-,-,-,-,-,-,-,-,0,0,0,0,0,0,0,0,0,0,0,0,0
"중남미","음반·비디오·악기","면세점 이외",-,-,-,-,-,-,-,-,-,-,-,-,422,398,815,787,667,906,1332,1422,1107,1594,980,1204,1183
"중남미","의류 및 패션관련 상품","계",271,290,231,183,149,177,145,145,160,151,148,190,151,151,302,158,139,123,156,158,150,157,112,124,113
"중남미","의류 및 패션관련 상품","면세점",-,-,-,-,-,-,-,-,-,-,-,-,0,0,0,0,0,0,0,0,0,0,0,0,0
"중남미","의류 및 패션관련 상품","면세점 이외",-,-,-,-,-,-,-,-,-,-,-,-,151,151,302,158,139,123,156,158,150,157,112,124,113
"중남미","스포츠·레저용품","계",74,74,67,45,51,59,48,43,60,67,85,80,97,98,58,90,117,88,86,89,90,91,60,63,49
"중남미","스포츠·레저용품","면세점",-,-,-,-,-,-,-,-,-,-,-,-,0,0,0,0,0,0,0,0,0,0,0,0,0
"중남미","스포츠·레저용품","면세점 이외",-,-,-,-,-,-,-,-,-,-,-,-,97,98,58,90,117,88,86,89,90,91,60,63,49
"중남미","화장품","계",463,472,497,360,389,419,404,380,431,491,462,1232,475,479,424,472,457,452,528,647,636,667,482,638,414
"중남미","화장품","면세점",-,-,-,-,-,-,-,-,-,-,-,-,0,0,0,0,0,0,0,0,0,0,0,0,0
"중남미","화장품","면세점 이외",-,-,-,-,-,-,-,-,-,-,-,-,475,479,424,472,457,452,528,647,636,667,482,638,414
"중남미","아동·유아용품","계",85,79,85,71,58,94,72,67,60,68,68,77,59,66,69,61,58,56,59,67,59,67,54,85,51
"중남미","아동·유아용품","면세점",-,-,-,-,-,-,-,-,-,-,-,-,0,0,0,0,0,0,0,0,0,0,0,0,0
"중남미","아동·유아용품","면세점 이외",-,-,-,-,-,-,-,-,-,-,-,-,59,66,69,61,58,56,59,67,59,67,54,85,51
"중남미","음·식료품","계",1,15,2,2,3,3,21,1,1,1,0,1,2,0,1,0,1,0,1,0,0,0,0,0,0
"중남미","음·식료품","면세점",-,-,-,-,-,-,-,-,-,-,-,-,0,0,0,0,0,0,0,0,0,0,0,0,0
"중남미","음·식료품","면세점 이외",-,-,-,-,-,-,-,-,-,-,-,-,2,0,1,0,1,0,1,0,0,0,0,0,0
"중남미","농축수산물","계",4,8,7,5,5,5,17,0,0,0,0,0,0,0,0,0,0,0,0,0,0,0,0,0,0
"중남미","농축수산물","면세점",-,-,-,-,-,-,-,-,-,-,-,-,0,0,0,0,0,0,0,0,0,0,0,0,0
"중남미","농축수산물","면세점 이외",-,-,-,-,-,-,-,-,-,-,-,-,0,0,0,0,0,0,0,0,0,0,0,0,0
"중남미","생활용품 및 자동차용품","계",362,368,406,360,331,380,384,364,395,441,465,449,519,545,389,488,504,512,469,428,457,462,305,916,334
"중남미","생활용품 및 자동차용품","면세점",-,-,-,-,-,-,-,-,-,-,-,-,0,0,0,0,0,0,0,0,0,0,0,0,0
"중남미","생활용품 및 자동차용품","면세점 이외",-,-,-,-,-,-,-,-,-,-,-,-,519,545,389,488,504,512,469,428,457,462,305,916,334
"중남미","기 타","계",104,87,95,93,71,86,111,90,115,107,120,153,133,130,143,147,129,168,165,178,155,152,90,147,130
"중남미","기 타","면세점",-,-,-,-,-,-,-,-,-,-,-,-,0,0,0,0,0,0,0,0,0,0,0,0,0
"중남미","기 타","면세점 이외",-,-,-,-,-,-,-,-,-,-,-,-,133,130,143,147,129,168,165,178,155,152,90,147,130
"대양주","합계","계",4419,4909,4886,4112,3474,3658,3819,3690,3992,4971,5433,4785,4844,4531,5081,4549,4566,4569,4363,4065,3552,3582,2781,3255,2794
"대양주","합계","면세점",-,-,-,-,-,-,-,-,-,-,-,-,5,3,3,5,13,6,15,9,18,11,22,30,18
"대양주","합계","면세점 이외",-,-,-,-,-,-,-,-,-,-,-,-,4839,4528,5078,4544,4553,4563,4348,4056,3534,3571,2759,3225,2776
"대양주","컴퓨터 및 주변기기","계",470,441,441,273,201,239,374,318,280,368,343,310,240,150,230,151,157,107,117,92,78,62,58,56,93
"대양주","컴퓨터 및 주변기기","면세점",-,-,-,-,-,-,-,-,-,-,-,-,1,0,0,0,0,0,0,0,0,0,0,0,0
"대양주","컴퓨터 및 주변기기","면세점 이외",-,-,-,-,-,-,-,-,-,-,-,-,239,150,230,151,157,107,117,92,78,62,58,56,93
"대양주","가전·전자·통신기기","계",838,848,869,840,638,621,556,676,697,1068,1288,1375,1250,1350,1447,1250,1290,1189,1108,1109,807,705,528,302,348
"대양주","가전·전자·통신기기","면세점",-,-,-,-,-,-,-,-,-,-,-,-,1,0,2,1,0,0,0,4,1,2,5,6,9
"대양주","가전·전자·통신기기","면세점 이외",-,-,-,-,-,-,-,-,-,-,-,-,1249,1350,1445,1249,1290,1189,1108,1105,806,703,523,296,339
"대양주","소프트웨어","계",20,25,20,33,19,18,31,17,13,11,5,5,6,4,6,21,11,12,10,7,7,6,3,4,4
"대양주","소프트웨어","면세점",-,-,-,-,-,-,-,-,-,-,-,-,0,0,0,0,0,0,0,0,0,0,0,0,0
"대양주","소프트웨어","면세점 이외",-,-,-,-,-,-,-,-,-,-,-,-,6,4,6,21,11,12,10,7,7,6,3,4,4
"대양주","서 적","계",18,17,25,20,20,21,30,30,30,39,37,48,68,57,106,89,66,97,106,81,62,81,48,81,73
"대양주","서 적","면세점",-,-,-,-,-,-,-,-,-,-,-,-,0,0,0,0,0,0,0,0,0,0,0,0,0
"대양주","서 적","면세점 이외",-,-,-,-,-,-,-,-,-,-,-,-,68,57,106,89,66,97,106,81,62,81,48,81,73
"대양주","사무·문구","계",4,4,3,1,0,0,3,8,7,8,8,7,10,7,9,5,7,3,6,5,6,6,2,11,5
"대양주","사무·문구","면세점",-,-,-,-,-,-,-,-,-,-,-,-,0,0,0,0,0,0,0,0,0,0,0,0,0
"대양주","사무·문구","면세점 이외",-,-,-,-,-,-,-,-,-,-,-,-,10,7,9,5,7,3,6,5,6,6,2,11,5
"대양주","음반·비디오·악기","계",140,116,130,108,112,118,143,133,188,168,172,196,215,193,303,330,290,356,418,440,354,481,318,387,308
"대양주","음반·비디오·악기","면세점",-,-,-,-,-,-,-,-,-,-,-,-,0,0,0,0,0,0,0,0,0,0,0,0,0
"대양주","음반·비디오·악기","면세점 이외",-,-,-,-,-,-,-,-,-,-,-,-,215,193,303,330,290,356,418,440,354,481,318,387,308
"대양주","의류 및 패션관련 상품","계",837,1014,884,657,487,509,571,782,818,1004,918,661,586,558,586,536,722,776,619,608,614,605,542,626,461
"대양주","의류 및 패션관련 상품","면세점",-,-,-,-,-,-,-,-,-,-,-,-,0,3,0,2,2,0,10,3,7,3,7,12,4
"대양주","의류 및 패션관련 상품","면세점 이외",-,-,-,-,-,-,-,-,-,-,-,-,586,555,586,534,720,776,609,605,607,602,535,614,457
"대양주","스포츠·레저용품","계",181,174,151,128,106,117,124,113,103,137,149,135,150,127,146,134,125,122,119,100,102,95,199,79,77
"대양주","스포츠·레저용품","면세점",-,-,-,-,-,-,-,-,-,-,-,-,1,0,0,0,0,0,0,0,0,0,0,0,0
"대양주","스포츠·레저용품","면세점 이외",-,-,-,-,-,-,-,-,-,-,-,-,149,127,146,134,125,122,119,100,102,95,199,79,77
"대양주","화장품","계",636,714,758,668,627,625,636,746,940,1110,1141,1057,1339,1059,1199,1022,989,1040,1010,887,826,829,637,1094,717
"대양주","화장품","면세점",-,-,-,-,-,-,-,-,-,-,-,-,1,0,0,2,10,6,4,1,6,5,8,10,4
"대양주","화장품","면세점 이외",-,-,-,-,-,-,-,-,-,-,-,-,1338,1059,1199,1020,979,1034,1006,886,820,824,629,1084,713
"대양주","아동·유아용품","계",193,201,220,223,187,177,212,181,179,196,310,200,181,205,232,288,187,176,164,159,120,135,82,144,141
"대양주","아동·유아용품","면세점",-,-,-,-,-,-,-,-,-,-,-,-,0,0,0,0,0,0,0,0,0,0,0,0,0
"대양주","아동·유아용품","면세점 이외",-,-,-,-,-,-,-,-,-,-,-,-,181,205,232,288,187,176,164,159,120,135,82,144,141
"대양주","음·식료품","계",257,366,335,265,306,389,320,12,19,33,79,22,24,47,40,19,22,26,36,22,23,25,21,19,16
"대양주","음·식료품","면세점",-,-,-,-,-,-,-,-,-,-,-,-,1,0,1,0,1,0,1,1,4,1,2,2,1
"대양주","음·식료품","면세점 이외",-,-,-,-,-,-,-,-,-,-,-,-,23,47,39,19,21,26,35,21,19,24,19,17,15
"대양주","농축수산물","계",100,140,139,133,99,111,124,1,0,0,0,0,0,0,0,0,1,4,4,0,1,0,0,0,0
"대양주","농축수산물","면세점",-,-,-,-,-,-,-,-,-,-,-,-,0,0,0,0,0,0,0,0,0,0,0,0,0
"대양주","농축수산물","면세점 이외",-,-,-,-,-,-,-,-,-,-,-,-,0,0,0,0,1,4,4,0,1,0,0,0,0
"대양주","생활용품 및 자동차용품","계",528,580,627,522,464,487,477,474,516,568,740,550,525,553,532,448,438,446,430,350,342,345,229,310,286
"대양주","생활용품 및 자동차용품","면세점",-,-,-,-,-,-,-,-,-,-,-,-,0,0,0,0,0,0,0,0,0,0,0,0,0
"대양주","생활용품 및 자동차용품","면세점 이외",-,-,-,-,-,-,-,-,-,-,-,-,525,553,532,448,438,446,430,350,342,345,229,310,286
"대양주","기 타","계",197,269,284,241,208,226,218,199,202,261,243,219,250,221,245,256,261,215,216,205,210,207,114,142,265
"대양주","기 타","면세점",-,-,-,-,-,-,-,-,-,-,-,-,0,0,0,0,0,0,0,0,0,0,0,0,0
"대양주","기 타","면세점 이외",-,-,-,-,-,-,-,-,-,-,-,-,250,221,245,256,261,215,216,205,210,207,114,142,265
"기타","합계","계",18842,17230,15158,15670,14497,17031,17487,19237,21946,19836,21898,19923,32450,28469,42652,34901,36434,32214,36890,24428,31689,35680,27369,25579,24925
"기타","합계","면세점",-,-,-,-,-,-,-,-,-,-,-,-,25972,22868,19544,28517,27337,24210,27970,14308,21673,24493,19569,13820,15384
"기타","합계","면세점 이외",-,-,-,-,-,-,-,-,-,-,-,-,6478,5601,23108,6384,9097,8004,8920,10120,10016,11187,7800,11759,9541
"기타","컴퓨터 및 주변기기","계",1010,814,651,596,412,388,521,549,518,327,248,361,297,187,214,177,1509,1113,1474,1308,1146,1330,1190,1385,1689
"기타","컴퓨터 및 주변기기","면세점",-,-,-,-,-,-,-,-,-,-,-,-,1,1,0,0,0,0,0,60,0,0,0,0,113
"기타","컴퓨터 및 주변기기","면세점 이외",-,-,-,-,-,-,-,-,-,-,-,-,296,186,214,177,1509,1113,1474,1248,1146,1330,1190,1385,1576
"기타","가전·전자·통신기기","계",2484,2503,2269,1834,1462,1889,1406,1589,1771,2100,2022,2038,2314,2190,1955,912,1135,1014,1236,485,568,816,975,1325,914
"기타","가전·전자·통신기기","면세점",-,-,-,-,-,-,-,-,-,-,-,-,1420,1396,113,272,540,599,784,100,150,420,633,856,525
"기타","가전·전자·통신기기","면세점 이외",-,-,-,-,-,-,-,-,-,-,-,-,894,794,1842,640,595,415,452,385,418,396,342,469,389
"기타","소프트웨어","계",71,46,39,65,77,60,88,65,73,34,8,5,6,3,5,34,9,46,41,6,5,9,4,11,8
"기타","소프트웨어","면세점",-,-,-,-,-,-,-,-,-,-,-,-,0,0,0,0,0,0,0,0,0,0,0,0,0
"기타","소프트웨어","면세점 이외",-,-,-,-,-,-,-,-,-,-,-,-,6,3,5,34,9,46,41,6,5,9,4,11,8
"기타","서 적","계",146,110,154,125,136,126,168,273,125,186,144,194,243,136,579,890,1165,1112,1508,1349,1031,1615,720,1218,1362
"기타","서 적","면세점",-,-,-,-,-,-,-,-,-,-,-,-,0,0,0,0,0,0,0,0,0,0,0,0,0
"기타","서 적","면세점 이외",-,-,-,-,-,-,-,-,-,-,-,-,243,136,579,890,1165,1112,1508,1349,1031,1615,720,1218,1362
"기타","사무·문구","계",14,9,9,10,11,28,26,18,30,28,38,28,35,36,26,29,34,30,26,30,32,25,16,22,45
"기타","사무·문구","면세점",-,-,-,-,-,-,-,-,-,-,-,-,0,0,0,0,1,0,0,0,0,0,0,0,0
"기타","사무·문구","면세점 이외",-,-,-,-,-,-,-,-,-,-,-,-,35,36,26,29,33,30,26,30,32,25,16,22,45
"기타","음반·비디오·악기","계",769,558,540,617,507,590,620,671,331,230,127,261,248,175,252,252,328,300,327,320,307,372,244,336,354
"기타","음반·비디오·악기","면세점",-,-,-,-,-,-,-,-,-,-,-,-,0,0,0,0,0,0,0,0,0,0,0,0,0
"기타","음반·비디오·악기","면세점 이외",-,-,-,-,-,-,-,-,-,-,-,-,248,175,252,252,328,300,327,320,307,372,244,336,354
"기타","의류 및 패션관련 상품","계",3031,2573,2070,2009,1640,1800,1772,2036,1727,1512,1321,1358,1602,1327,4730,6728,7122,6874,8385,1520,1520,1827,1254,1708,1161
"기타","의류 및 패션관련 상품","면세점",-,-,-,-,-,-,-,-,-,-,-,-,807,635,3508,6047,6132,5856,7505,213,248,301,253,302,38
"기타","의류 및 패션관련 상품","면세점 이외",-,-,-,-,-,-,-,-,-,-,-,-,795,692,1222,681,990,1018,880,1307,1272,1526,1001,1406,1123
"기타","스포츠·레저용품","계",368,292,243,243,221,209,178,213,193,129,99,122,130,114,100,124,184,165,124,131,151,139,90,120,96
"기타","스포츠·레저용품","면세점",-,-,-,-,-,-,-,-,-,-,-,-,2,2,0,0,0,0,0,0,0,0,0,0,0
"기타","스포츠·레저용품","면세점 이외",-,-,-,-,-,-,-,-,-,-,-,-,128,112,100,124,184,165,124,131,151,139,90,120,96
"기타","화장품","계",6141,5895,5289,5812,6280,7965,9041,11414,14872,13524,16354,13829,25530,22582,32228,22189,21055,18175,19957,17246,25189,27862,21820,17315,17720
"기타","화장품","면세점",-,-,-,-,-,-,-,-,-,-,-,-,23437,20606,14996,20305,18457,15760,17868,13865,21191,23694,18620,12513,14670
"기타","화장품","면세점 이외",-,-,-,-,-,-,-,-,-,-,-,-,2093,1976,17232,1884,2598,2415,2089,3381,3998,4168,3200,4802,3050
"기타","아동·유아용품","계",582,460,489,568,447,511,538,417,322,212,133,170,175,126,128,171,169,132,738,524,229,186,95,193,147
"기타","아동·유아용품","면세점",-,-,-,-,-,-,-,-,-,-,-,-,0,0,0,0,0,0,11,4,0,4,4,6,2
"기타","아동·유아용품","면세점 이외",-,-,-,-,-,-,-,-,-,-,-,-,175,126,128,171,169,132,727,520,229,182,91,187,145
"기타","음·식료품","계",1216,1045,758,1291,1102,1010,877,214,191,169,207,238,330,251,1054,1659,1989,1721,1450,150,335,322,184,319,127
"기타","음·식료품","면세점",-,-,-,-,-,-,-,-,-,-,-,-,303,228,845,1627,1935,1679,1398,66,84,73,59,142,36
"기타","음·식료품","면세점 이외",-,-,-,-,-,-,-,-,-,-,-,-,27,23,209,32,54,42,52,84,251,249,125,177,91
"기타","농축수산물","계",980,1019,702,819,673,833,790,0,1,0,0,1,1,0,0,1,3,0,0,0,0,0,0,2,2
"기타","농축수산물","면세점",-,-,-,-,-,-,-,-,-,-,-,-,0,0,0,0,0,0,0,0,0,0,0,0,0
"기타","농축수산물","면세점 이외",-,-,-,-,-,-,-,-,-,-,-,-,1,0,0,1,3,0,0,0,0,0,0,2,2
"기타","생활용품 및 자동차용품","계",1265,1171,1096,877,741,817,738,940,940,797,608,604,656,596,567,634,665,469,504,589,465,488,308,531,384
"기타","생활용품 및 자동차용품","면세점",-,-,-,-,-,-,-,-,-,-,-,-,0,0,0,0,0,0,0,0,0,0,0,0,0
"기타","생활용품 및 자동차용품","면세점 이외",-,-,-,-,-,-,-,-,-,-,-,-,656,596,567,634,665,469,504,589,465,488,308,531,384
"기타","기 타","계",765,735,849,804,788,805,724,838,852,588,589,714,883,746,814,1101,1067,1063,1120,770,711,689,469,1094,916
"기타","기 타","면세점",-,-,-,-,-,-,-,-,-,-,-,-,2,0,82,266,272,316,404,0,0,1,0,1,0
"기타","기 타","면세점 이외",-,-,-,-,-,-,-,-,-,-,-,-,881,746,732,835,795,747,716,770,711,688,469,1093,916
